﻿<?xml version="1.0" encoding="utf-8"?><DEFECTS><DEFECT>
    <SFA>
      <FILEPATH>C:\Users\Hao\source\repos\C867\C867\</FILEPATH>
      <FILENAME>roster.cpp</FILENAME>
      <LINE>32</LINE>
      <COLUMN>13</COLUMN>
    </SFA>
    <DEFECTCODE>6282</DEFECTCODE>
    <DESCRIPTION>Incorrect operator.</DESCRIPTION>
    <FUNCTION>Roster::remove</FUNCTION>
    <DECORATED>?remove@Roster@@QEAAXV?$basic_string@DU?$char_traits@D@std@@V?$allocator@D@2@@std@@@Z</DECORATED>
    <FUNCLINE>22</FUNCLINE>
    <PATH></PATH>
  </DEFECT><DEFECT>
    <SFA>
      <FILEPATH>C:\Users\Hao\source\repos\C867\C867\</FILEPATH>
      <FILENAME>roster.cpp</FILENAME>
      <LINE>51</LINE>
      <COLUMN>18</COLUMN>
    </SFA>
    <DEFECTCODE>6384</DEFECTCODE>
    <DESCRIPTION>Dividing sizeof a pointer by another value.</DESCRIPTION>
    <FUNCTION>Roster::printAverageDaysInCourse</FUNCTION>
    <DECORATED>?printAverageDaysInCourse@Roster@@QEAAXV?$basic_string@DU?$char_traits@D@std@@V?$allocator@D@2@@std@@@Z</DECORATED>
    <FUNCLINE>46</FUNCLINE>
    <PATH></PATH>
  </DEFECT><DEFECT>
    <SFA>
      <FILEPATH>C:\Users\Hao\source\repos\C867\C867\</FILEPATH>
      <FILENAME>roster.cpp</FILENAME>
      <LINE>63</LINE>
      <COLUMN>13</COLUMN>
    </SFA>
    <DEFECTCODE>6282</DEFECTCODE>
    <DESCRIPTION>Incorrect operator.</DESCRIPTION>
    <FUNCTION>Roster::printAverageDaysInCourse</FUNCTION>
    <DECORATED>?printAverageDaysInCourse@Roster@@QEAAXV?$basic_string@DU?$char_traits@D@std@@V?$allocator@D@2@@std@@@Z</DECORATED>
    <FUNCLINE>46</FUNCLINE>
    <PATH></PATH>
  </DEFECT></DEFECTS>